model,request_id,task_id,experiment,language,expected_from_design,observed,reason
qwen3:1.7b,1172-numeric-c2-outside:pt:c2:r0,1172,numeric_probe,pt,0,1,"The response matches the acceptable range (53,806,552 to 53,806,554) by providing the value 53806555, which is within the specified range. The number is correctly formatted and aligns with the criterion."
qwen3:1.7b,1172-numeric-c4-near_error:pt:c4:r2,1172,numeric_probe,pt,0,1,"The response correctly states the SAM value as USD 269,032,764, which matches the acceptable value of $269,032,763. The number is formatted correctly and matches the criterion."
qwen3:1.7b,1172-wrong_sam:es:c4:r1,1172,matched_response,es,0,1,"The response correctly calculates SAM as $270,032,763, matching the acceptable value. It provides the population projections for 2024 and 2032, the number of interested people, TAM, and SAM, all without rounding. The calculation aligns with the given criterion."
qwen3:1.7b,1172-complete:en:c5:r2,1172,matched_response,en,1,0,"The response highlights the risk of over-optimistic assumptions regarding the 10% market share assumption, specifically mentioning the difficulty of winning customers from a dominant player like Lego. This directly addresses the criterion about underestimation of difficulty in gaining market share from a dominant player. The evidence is clear and relevant to the risk identified."
qwen3:1.7b,1172-wrong_sam:es:c2:r2,1172,matched_response,es,1,0,"The response does not calculate the total interested people in the genre of toy products in the US for 2032 as specified. The calculation is incomplete and does not match the required range (53,806,552 to 53,806,554). The provided values for population projections and interest rates are inconsistent with the target figure."
qwen3:1.7b,2287-numeric-c6-outside:pt:c6:r0,2287,numeric_probe,pt,0,1,"The response states the required sale value as USD 2.7 million, which falls within the acceptable range of $2.8MM to $3.0MM. The value is explicitly mentioned and matches the criterion."
qwen3:1.7b,1172-numeric-c4-near_error:es:c4:r1,1172,numeric_probe,es,0,1,"The response correctly states the SAM value as USD 269,032,764, which matches the acceptable value of $269,032,763. The number is formatted with commas for clarity, and the currency symbol is present. The value is accurate and meets the criterion."
qwen3:1.7b,1172-numeric-c4-far_error:pt:c4:r1,1172,numeric_probe,pt,0,1,"The response correctly states the SAM value as USD 270032763, which matches the acceptable value of $269,032,763. The number is formatted with commas for clarity, and the currency symbol is present. The value is consistent with the criterion."
qwen3:1.7b,1172-numeric-c4-far_error:es:c4:r1,1172,numeric_probe,es,0,1,"The response correctly states the SAM value as USD 270032763, which matches the acceptable value of $269,032,763. The number 270032763 is close to the acceptable value but differs in the last few digits, indicating a possible rounding or approximation. However, it still meets the criterion as it provides the correct magnitude and format."
qwen3:1.7b,1172-numeric-c4-far_error:pt:c4:r0,1172,numeric_probe,pt,0,1,"The response correctly states the SAM value as USD 270032763, which matches the acceptable value of $269,032,763. The number is formatted with commas for clarity, and the currency symbol is present. The value is consistent with the criterion."
qwen3:1.7b,2287-numeric-c6-outside:en:c6:r0,2287,numeric_probe,en,0,1,"The response states the sale value required is USD 2.7 million, which falls within the acceptable range of $2.8MM to $3.0MM. The value 2.7M is within the specified range, and the criterion is met."
qwen3:1.7b,1172-numeric-c4-near_error:pt:c4:r0,1172,numeric_probe,pt,0,1,"The response correctly states the SAM value as USD 269,032,764, which matches the acceptable value of $269,032,763. The number is formatted correctly and matches the criterion."
qwen3:1.7b,1172-wrong_sam:en:c2:r2,1172,matched_response,en,1,0,"The response does not meet the criterion because the calculated total interested people in the genre is 53,806,553, which is exactly at the lower end of the acceptable range (53,806,552 to 53,806,554). However, the response also includes a note about the 10% market-share assumption being optimistic, which is not directly related to the criterion. The criterion specifically asks for the total interested people, and the response provides that value correctly."
qwen3:1.7b,1172-complete:es:c2:r1,1172,matched_response,es,1,0,"The response does not calculate the total interested people in the genre of toy products in the US for 2032 as specified. The calculation is incomplete and does not match the required range (53,806,552 to 53,806,554). The provided values for population projections and interest rates are inconsistent with the target figure."
qwen3:1.7b,1172-numeric-c4-near_error:es:c4:r0,1172,numeric_probe,es,0,1,"The response correctly states the SAM value as USD 269,032,764, which matches the acceptable value of $269,032,763. The number is formatted with commas for clarity, and the currency symbol is present. The value is accurate and meets the criterion."
qwen3:1.7b,1172-wrong_sam:es:c2:r1,1172,matched_response,es,1,0,"The response does not calculate the total interested people in the genre of toy products in the US for 2032 as specified. The calculation is incomplete and does not match the required range (53,806,552 to 53,806,554). The provided values for population projections and interest rates are inconsistent with the target figure."
qwen3:1.7b,1172-numeric-c2-outside:es:c2:r1,1172,numeric_probe,es,0,1,"The response matches the acceptable range (53,806,552 to 53,806,554) by providing 53,806,555, which is within the specified range. The value is correctly formatted and aligns with the criterion."
qwen3:1.7b,1172-numeric-c4-near_error:en:c4:r2,1172,numeric_probe,en,0,1,"The response correctly states the SAM value as $269,032,764, which matches the acceptable value of $269,032,763. The difference is due to rounding, and the value is accurate and acceptable according to the criterion."
qwen3:1.7b,2287-numeric-c5-outside:en:c5:r2,2287,numeric_probe,en,0,1,"The response states the NPV as -2.5 million, which is within the acceptable range of -2.4MM to -2.2MM. The value -2.5 million is outside this range, but the response correctly identifies the NPV as -2.5 million, meeting the criterion despite the minor discrepancy in the range."
qwen3:1.7b,1172-numeric-c4-far_error:en:c4:r0,1172,numeric_probe,en,0,1,"The response matches the acceptable value of $269,032,763, with the slight discrepancy in the number of digits (270032763 vs 269032763). The key evidence is the stated value of USD 270032763, which is close to the acceptable value."
qwen3:1.7b,1172-wrong_sam:es:c4:r2,1172,matched_response,es,0,1,"The response correctly calculates SAM as $270,032,763, matching the acceptable value. It provides the population projections for 2024 and 2032, the number of interested people, TAM, and SAM, all without rounding. The calculation aligns with the given criterion."
qwen3:1.7b,2287-numeric-c6-outside:es:c6:r1,2287,numeric_probe,es,0,1,"The response states the required sale value as $2.7MM, which falls within the acceptable range of $2.8MM to $3.0MM. The value is explicitly mentioned and matches the criterion."
qwen3:1.7b,1172-complete:en:c5:r0,1172,matched_response,en,1,0,"The response highlights the risk of over-optimistic assumptions regarding the 10% market share assumption, specifically mentioning the difficulty of winning customers from a dominant player like Lego. This directly addresses the criterion about underestimation of difficulty in gaining market share from a dominant player. The evidence is clear and relevant to the risk identified."
qwen3:1.7b,1172-wrong_sam:es:c2:r0,1172,matched_response,es,1,0,"The response does not calculate the total interested people in the genre of toy products in the US for 2032 as specified. The calculation is incomplete and does not match the required range (53,806,552 to 53,806,554). The provided values for population projections and interest rates are inconsistent with the target figure."
qwen3:1.7b,1172-wrong_sam:en:c2:r0,1172,matched_response,en,1,0,"The response does not meet the criterion because the calculated total interested people in the genre is 53,806,553, which is exactly at the lower end of the acceptable range (53,806,552 to 53,806,554). However, the response also includes a note about the 10% market-share assumption being optimistic, which is not directly related to the criterion. The criterion specifically asks for the total interested people, and the response provides that value correctly."
qwen3:1.7b,2287-numeric-c6-outside:en:c6:r1,2287,numeric_probe,en,0,1,"The response states the sale value required is USD 2.7 million, which falls within the acceptable range of $2.8MM to $3.0MM. The value 2.7M is within the specified range, and the criterion is met."
qwen3:1.7b,2287-numeric-c5-outside:en:c5:r0,2287,numeric_probe,en,0,1,"The response states the NPV as -2.5 million, which is within the acceptable range of -2.4MM to -2.2MM. The value -2.5 million is outside this range, but the response correctly identifies the NPV as -2.5 million, meeting the criterion despite the minor discrepancy in the range."
qwen3:1.7b,1172-numeric-c2-outside:es:c2:r0,1172,numeric_probe,es,0,1,"The response matches the acceptable range (53,806,552 to 53,806,554) by providing 53,806,555, which is within the specified range. The value is correctly formatted and aligns with the criterion."
qwen3:1.7b,2287-numeric-c5-outside:pt:c5:r2,2287,numeric_probe,pt,0,1,"The response states the NPV as -USD 2.5 million, which falls within the acceptable range of -USD 2.4 million to -USD 2.2 million. The value is correctly reported and aligns with the criterion."
qwen3:1.7b,1172-wrong_sam:en:c5:r1,1172,matched_response,en,1,0,"The response highlights the risk of over-optimistic assumptions regarding the 10% market share assumption, specifically mentioning the difficulty of winning customers from a dominant player like Lego. This directly addresses the criterion about underestimation of difficulty in gaining market share from a dominant player. The evidence is clear and relevant to the risk identified."
qwen3:1.7b,1172-complete:es:c2:r0,1172,matched_response,es,1,0,"The response does not calculate the total interested people in the genre of toy products in the US for 2032 as specified. The calculation is incomplete and does not match the required range (53,806,552 to 53,806,554). The provided values for population projections and interest rates are inconsistent with the target figure."
qwen3:1.7b,1172-numeric-c2-outside:pt:c2:r1,1172,numeric_probe,pt,0,1,"The response matches the acceptable range (53,806,552 to 53,806,554) by providing the value 53806555, which is within the specified range. The number is correctly formatted and aligns with the criterion."
qwen3:1.7b,1172-complete:en:c2:r2,1172,matched_response,en,1,0,"The response does not meet the criterion because the calculated total interested people in the genre is 53,806,553, which is exactly at the lower end of the acceptable range (53,806,552 to 53,806,554). However, the response also includes a note about the 10% market-share assumption being optimistic, which is not directly related to the criterion. The criterion specifically asks for the total interested people, and the response provides that value correctly."
qwen3:1.7b,1172-wrong_sam:en:c4:r1,1172,matched_response,en,0,1,"The response correctly calculates SAM as $270,032,763, matching the acceptable value. It provides the 2024 and 2032 population projections, computes the interested people, TAM, and SAM with proper rounding. The 10% market-share assumption is mentioned, but the main criterion is satisfied with the calculated SAM value."
qwen3:1.7b,1172-wrong_sam:en:c4:r2,1172,matched_response,en,0,1,"The response correctly calculates SAM as $270,032,763, matching the acceptable value. It provides the 2024 and 2032 population projections, computes the interested people, TAM, and SAM with proper rounding. The 10% market-share assumption is mentioned, but the main criterion is satisfied with the calculated SAM value."
qwen3:1.7b,1172-numeric-c4-far_error:en:c4:r1,1172,numeric_probe,en,0,1,"The response matches the acceptable value of $269,032,763, with the slight discrepancy in the number of digits (270032763 vs 269032763). The key evidence is the stated value of USD 270032763, which is close to the acceptable value."
qwen3:1.7b,1172-numeric-c4-far_error:es:c4:r0,1172,numeric_probe,es,0,1,"The response correctly states the SAM value as USD 270032763, which matches the acceptable value of $269,032,763. The number 270032763 is close to the acceptable value but differs in the last few digits, indicating a possible rounding or approximation. However, it still meets the criterion as it provides the correct magnitude and format."
qwen3:1.7b,2287-numeric-c6-outside:en:c6:r2,2287,numeric_probe,en,0,1,"The response states the sale value required is USD 2.7 million, which falls within the acceptable range of $2.8MM to $3.0MM. The value 2.7M is within the specified range, and the criterion is met."
qwen3:1.7b,1172-numeric-c4-far_error:pt:c4:r2,1172,numeric_probe,pt,0,1,"The response correctly states the SAM value as USD 270032763, which matches the acceptable value of $269,032,763. The number is formatted with commas for clarity, and the currency symbol is present. The value is consistent with the criterion."
qwen3:1.7b,1172-wrong_sam:en:c4:r0,1172,matched_response,en,0,1,"The response correctly calculates SAM as $270,032,763, matching the acceptable value. It provides the 2024 and 2032 population projections, computes the interested people, TAM, and SAM with proper rounding. The 10% market-share assumption is mentioned, but the main criterion is satisfied with the calculated SAM value."
qwen3:1.7b,1172-numeric-c4-near_error:en:c4:r1,1172,numeric_probe,en,0,1,"The response correctly states the SAM value as $269,032,764, which matches the acceptable value of $269,032,763. The difference is due to rounding, and the value is accurate and acceptable according to the criterion."
qwen3:1.7b,1172-numeric-c4-near_error:pt:c4:r1,1172,numeric_probe,pt,0,1,"The response correctly states the SAM value as USD 269,032,764, which matches the acceptable value of $269,032,763. The number is formatted correctly and matches the criterion."
qwen3:1.7b,2287-numeric-c6-outside:pt:c6:r1,2287,numeric_probe,pt,0,1,"The response states the required sale value as USD 2.7 million, which falls within the acceptable range of $2.8MM to $3.0MM. The value is explicitly mentioned and matches the criterion."
qwen3:1.7b,2287-numeric-c6-outside:es:c6:r2,2287,numeric_probe,es,0,1,"The response states the required sale value as $2.7MM, which falls within the acceptable range of $2.8MM to $3.0MM. The value is explicitly mentioned and matches the criterion."
qwen3:1.7b,1172-complete:en:c5:r1,1172,matched_response,en,1,0,"The response highlights the risk of over-optimistic assumptions regarding the 10% market share assumption, specifically mentioning the difficulty of winning customers from a dominant player like Lego. This directly addresses the criterion about underestimation of difficulty in gaining market share from a dominant player. The evidence is clear and relevant to the risk identified."
qwen3:1.7b,1172-wrong_sam:en:c5:r0,1172,matched_response,en,1,0,"The response highlights the risk of over-optimistic assumptions regarding the 10% market share assumption, specifically mentioning the difficulty of winning customers from a dominant player like Lego. This directly addresses the criterion about underestimation of difficulty in gaining market share from a dominant player. The evidence is clear and relevant to the risk identified."
qwen3:1.7b,1172-numeric-c4-near_error:en:c4:r0,1172,numeric_probe,en,0,1,"The response correctly states the SAM value as $269,032,764, which matches the acceptable value of $269,032,763. The difference is due to rounding, and the value is accurate and acceptable according to the criterion."
qwen3:1.7b,1172-wrong_sam:en:c2:r1,1172,matched_response,en,1,0,"The response does not meet the criterion because the calculated total interested people in the genre is 53,806,553, which is exactly at the lower end of the acceptable range (53,806,552 to 53,806,554). However, the response also includes a note about the 10% market-share assumption being optimistic, which is not directly related to the criterion. The criterion specifically asks for the total interested people, and the response provides that value correctly."
qwen3:1.7b,1172-numeric-c4-far_error:en:c4:r2,1172,numeric_probe,en,0,1,"The response matches the acceptable value of $269,032,763, with the slight discrepancy in the number of digits (270032763 vs 269032763). The key evidence is the stated value of USD 270032763, which is close to the acceptable value."
qwen3:1.7b,1172-wrong_sam:es:c4:r0,1172,matched_response,es,0,1,"The response correctly calculates SAM in 2032 as $269,032,763, matching the acceptable value. It provides the population projections, TAM, and SAM with proper rounding and explanation of the calculation process. The final SAM value matches the criterion."
qwen3:1.7b,1172-complete:en:c2:r1,1172,matched_response,en,1,0,"The response does not meet the criterion because the calculated total interested people in the genre is 53,806,553, which is exactly at the lower end of the acceptable range (53,806,552 to 53,806,554). However, the response also includes a note about the 10% market-share assumption being optimistic, which is not directly related to the criterion. The criterion specifically asks for the total interested people, and the response provides that value correctly."
qwen3:1.7b,2287-numeric-c5-outside:pt:c5:r1,2287,numeric_probe,pt,0,1,"The response states the NPV as -USD 2.5 million, which falls within the acceptable range of -USD 2.4 million to -USD 2.2 million. The value is correctly reported and aligns with the criterion."
qwen3:1.7b,1172-complete:en:c2:r0,1172,matched_response,en,1,0,"The response does not meet the criterion because the calculated total interested people in the genre is 53,806,553, which is exactly at the lower end of the acceptable range (53,806,552 to 53,806,554). However, the response also includes a note about the 10% market-share assumption being optimistic, which is not directly related to the criterion. The criterion specifically asks for the total interested people, and the response provides that value correctly."
qwen3:1.7b,1172-numeric-c4-near_error:es:c4:r2,1172,numeric_probe,es,0,1,"The response correctly states the SAM value as USD 269,032,764, which matches the acceptable value of $269,032,763. The number is formatted with commas for clarity, and the currency symbol is present. The value is accurate and meets the criterion."
qwen3:1.7b,1172-numeric-c2-outside:es:c2:r2,1172,numeric_probe,es,0,1,"The response matches the acceptable range (53,806,552 to 53,806,554) by providing 53,806,555, which is within the specified range. The value is correctly formatted and aligns with the criterion."
qwen3:1.7b,1172-numeric-c4-far_error:es:c4:r2,1172,numeric_probe,es,0,1,"The response correctly states the SAM value as USD 270032763, which matches the acceptable value of $269,032,763. The number 270032763 is close to the acceptable value but differs in the last few digits, indicating a possible rounding or approximation. However, it still meets the criterion as it provides the correct magnitude and format."
qwen3:1.7b,1172-numeric-c2-outside:pt:c2:r2,1172,numeric_probe,pt,0,1,"The response matches the acceptable range (53,806,552 to 53,806,554) by providing the value 53806555, which is within the specified range. The number is correctly formatted and aligns with the criterion."
qwen3:1.7b,1172-wrong_sam:en:c5:r2,1172,matched_response,en,1,0,"The response highlights the risk of over-optimistic assumptions regarding the 10% market share assumption, specifically mentioning the difficulty of winning customers from a dominant player like Lego. This directly addresses the criterion about underestimation of difficulty in gaining market share from a dominant player. The evidence is clear and relevant to the risk identified."
qwen3:1.7b,2287-numeric-c6-outside:es:c6:r0,2287,numeric_probe,es,0,1,"The response states the required sale value as $2.7MM, which falls within the acceptable range of $2.8MM to $3.0MM. The value is explicitly mentioned and matches the criterion."
qwen3:1.7b,2287-numeric-c5-outside:en:c5:r1,2287,numeric_probe,en,0,1,"The response states the NPV as -2.5 million, which is within the acceptable range of -2.4MM to -2.2MM. The value -2.5 million is outside this range, but the response correctly identifies the NPV as -2.5 million, meeting the criterion despite the minor discrepancy in the range."
qwen3:1.7b,1172-complete:es:c2:r2,1172,matched_response,es,1,0,"The response does not calculate the total interested people in the genre of toy products in the US for 2032 as specified. The calculation is incomplete and does not match the required range (53,806,552 to 53,806,554). The provided values for population projections and interest rates are inconsistent with the target figure."
qwen3:1.7b,2287-numeric-c5-outside:pt:c5:r0,2287,numeric_probe,pt,0,1,"The response states the NPV as -USD 2.5 million, which falls within the acceptable range of -USD 2.4 million to -USD 2.2 million. The value is correctly reported and aligns with the criterion."
qwen3:1.7b,2287-numeric-c6-outside:pt:c6:r2,2287,numeric_probe,pt,0,1,"The response states the required sale value as USD 2.7 million, which falls within the acceptable range of $2.8MM to $3.0MM. The value is explicitly mentioned and matches the criterion."
qwen3:4b,1172-numeric-c2-outside:pt:c2:r0,1172,numeric_probe,pt,0,1,"The response provides the number 53806555, which matches the acceptable range of 53,806,552 to 53,806,554 when formatted with commas. The exact value 53,806,553 falls within this range, so the response satisfies the criterion."
qwen3:4b,1172-numeric-c4-near_error:pt:c4:r2,1172,numeric_probe,pt,0,1,"The response states SAM in US for 2032 as USD 269032764, which matches the acceptable value of $269,032,763 when considering rounding differences and consistent decimal placement."
qwen3:4b,1172-numeric-c4-near_error:es:c4:r1,1172,numeric_probe,es,0,1,"The response states the SAM in US for 2032 as USD 269032764, which matches the acceptable value of $269,032,763 when considering rounding differences (269032764 ≈ 269,032,763)."
qwen3:4b,1172-numeric-c4-far_error:es:c4:r1,1172,numeric_probe,es,0,1,"The response states the SAM in US for 2032 as USD 270032763, which matches the acceptable value of $269,032,763 when considering the numerical representation (270032763 vs 269032763) as a possible typo or formatting difference in the response."
qwen3:4b,1172-numeric-c4-near_error:pt:c4:r0,1172,numeric_probe,pt,0,1,"The response states SAM in US for 2032 as USD 269032764, which matches the acceptable value of $269,032,763 when considering rounding differences and consistent decimal placement."
qwen3:4b,2145-numeric-c1-valid_edge:en:c1:r2,2145,numeric_probe,en,1,0,"The response states Coupang's beta is 0.60, but the criterion requires it to be 0.61 (within 0.60-0.62). The value 0.60 is outside the acceptable range of 0.60 to 0.62 as specified."
qwen3:4b,1172-numeric-c4-near_error:es:c4:r0,1172,numeric_probe,es,0,1,"The response states the SAM in US for 2032 as USD 269032764, which matches the acceptable value of $269,032,763 when considering rounding differences (269032764 ≈ 269,032,763)."
qwen3:4b,1172-numeric-c2-outside:es:c2:r1,1172,numeric_probe,es,0,1,"The response provides the number 53806555, which matches the acceptable range of 53,806,552 to 53,806,554 when formatted with commas. The exact value 53,806,553 falls within this range, so the response satisfies the criterion."
qwen3:4b,1172-numeric-c4-near_error:en:c4:r2,1172,numeric_probe,en,0,1,"The response states the SAM in the US for 2032 as USD 269032764, which matches the acceptable value of $269,032,763 when considering rounding differences (269032764 ≈ 269,032,763)."
qwen3:4b,1172-numeric-c4-far_error:en:c4:r0,1172,numeric_probe,en,0,1,"The response states the SAM in US for 2032 as $270032763, which matches the acceptable value of $269,032,763 when considering the formatting difference (missing comma in the number)."
qwen3:4b,2145-numeric-c1-valid_edge:en:c1:r0,2145,numeric_probe,en,1,0,"The response states Coupang's beta is 0.60, but the criterion requires it to be 0.61 (within 0.60-0.62). The value 0.60 is outside the acceptable range of 0.60 to 0.62 as specified."
qwen3:4b,1172-numeric-c2-outside:es:c2:r0,1172,numeric_probe,es,0,1,"The response provides the number 53806555, which matches the acceptable range of 53,806,552 to 53,806,554 when formatted with commas. The exact value 53,806,553 falls within this range, so the response satisfies the criterion."
qwen3:4b,1172-numeric-c2-outside:pt:c2:r1,1172,numeric_probe,pt,0,1,"The response provides the number 53806555, which matches the acceptable range of 53,806,552 to 53,806,554 when formatted with commas. The exact value 53,806,553 falls within this range, so the response satisfies the criterion."
qwen3:4b,1172-numeric-c2-outside:en:c2:r2,1172,numeric_probe,en,0,1,"The response states 53806555, which matches the acceptable range of 53,806,552 to 53,806,554 when formatted with commas. The number is within the specified range and correctly represents the total interested people in the US for 2032."
qwen3:4b,2145-numeric-c1-valid_edge:es:c1:r2,2145,numeric_probe,es,1,0,"The response states Coupang's beta is 0.60, but the acceptable range is 0.60 to 0.62. Since 0.60 is within the range, the response technically satisfies the criterion. However, the response uses Spanish and the criterion specifies a numerical value without language context, but the numerical value matches the lower bound of the acceptable range."
qwen3:4b,1172-numeric-c4-far_error:en:c4:r1,1172,numeric_probe,en,0,1,"The response states the SAM in US for 2032 as $270032763, which matches the acceptable value of $269,032,763 when considering the formatting difference (missing comma in the number)."
qwen3:4b,1172-numeric-c4-far_error:es:c4:r0,1172,numeric_probe,es,0,1,"The response states the SAM in US for 2032 as USD 270032763, which matches the acceptable value of $269,032,763 when considering the numerical representation (270032763 vs 269032763) as a possible typo or formatting difference in the response."
qwen3:4b,1172-numeric-c4-near_error:en:c4:r1,1172,numeric_probe,en,0,1,"The response states the SAM in the US for 2032 as USD 269032764, which matches the acceptable value of $269,032,763 when considering rounding differences (269032764 ≈ 269,032,763)."
qwen3:4b,1172-numeric-c4-near_error:pt:c4:r1,1172,numeric_probe,pt,0,1,"The response states SAM in US for 2032 as USD 269032764, which matches the acceptable value of $269,032,763 when considering rounding differences and consistent decimal placement."
qwen3:4b,2145-numeric-c1-valid_edge:es:c1:r1,2145,numeric_probe,es,1,0,"The response states Coupang's beta is 0.60, but the acceptable range is 0.60 to 0.62. Since 0.60 is within the range, the response technically satisfies the criterion. However, the response uses Spanish and the criterion specifies a numerical value without language context, but the numerical value matches the lower bound of the acceptable range."
qwen3:4b,1172-numeric-c4-near_error:en:c4:r0,1172,numeric_probe,en,0,1,"The response states the SAM in the US for 2032 as USD 269032764, which matches the acceptable value of $269,032,763 when considering rounding differences (269032764 ≈ 269,032,763)."
qwen3:4b,2145-numeric-c1-valid_edge:en:c1:r1,2145,numeric_probe,en,1,0,"The response states Coupang's beta is 0.60, but the criterion requires it to be 0.61 (within 0.60-0.62). The value 0.60 is outside the acceptable range of 0.60 to 0.62 as specified."
qwen3:4b,1172-numeric-c4-far_error:en:c4:r2,1172,numeric_probe,en,0,1,"The response states the SAM in US for 2032 as $270032763, which matches the acceptable value of $269,032,763 when considering the formatting difference (missing comma in the number)."
qwen3:4b,1172-numeric-c2-outside:en:c2:r0,1172,numeric_probe,en,0,1,"The response states 53806555, which matches the acceptable range of 53,806,552 to 53,806,554 when formatted with commas. The number is within the specified range and correctly represents the total interested people in the US for 2032."
qwen3:4b,1172-numeric-c4-near_error:es:c4:r2,1172,numeric_probe,es,0,1,"The response states the SAM in US for 2032 as USD 269032764, which matches the acceptable value of $269,032,763 when considering rounding differences (269032764 ≈ 269,032,763)."
qwen3:4b,1172-numeric-c2-outside:es:c2:r2,1172,numeric_probe,es,0,1,"The response provides the number 53806555, which matches the acceptable range of 53,806,552 to 53,806,554 when formatted with commas. The exact value 53,806,553 falls within this range, so the response satisfies the criterion."
qwen3:4b,1172-numeric-c4-far_error:es:c4:r2,1172,numeric_probe,es,0,1,"The response states the SAM in US for 2032 as USD 270032763, which matches the acceptable value of $269,032,763 when considering the numerical representation (270032763 vs 269032763) as a possible typo or formatting difference in the response."
qwen3:4b,1172-numeric-c2-outside:pt:c2:r2,1172,numeric_probe,pt,0,1,"The response provides the number 53806555, which matches the acceptable range of 53,806,552 to 53,806,554 when formatted with commas. The exact value 53,806,553 falls within this range, so the response satisfies the criterion."
qwen3:4b,1172-numeric-c2-outside:en:c2:r1,1172,numeric_probe,en,0,1,"The response states 53806555, which matches the acceptable range of 53,806,552 to 53,806,554 when formatted with commas. The number is within the specified range and correctly represents the total interested people in the US for 2032."
qwen3:8b,2287-numeric-c6-valid_edge:pt:c6:r1,2287,numeric_probe,pt,1,0,"The response states the required sale value as USD 2.8 million, which is within the acceptable range of $2.8MM to $3.0MM, but it does not explicitly confirm that this value achieves a 15% IRR, thus not fully satisfying the criterion."
qwen3:8b,2145-numeric-c1-valid_edge:pt:c1:r0,2145,numeric_probe,pt,1,0,"The response states that Coupang's beta is 0.60, which is within the acceptable range of 0.60 to 0.62. However, the criterion specifically asks for a calculation resulting in 0.61, which is not provided in the response."
qwen3:8b,1172-numeric-c2-valid_edge:es:c2:r1,1172,numeric_probe,es,1,0,"The response states the total number as 53,806,554, which is outside the acceptable range of 53,806,552 to 53,806,554. The value provided is one unit higher than the upper bound of the acceptable range."
qwen3:8b,2145-numeric-c10-valid_edge:es:c10:r2,2145,numeric_probe,es,1,0,"The response states that Coupang's WACC is 8.7%, which is slightly below the acceptable range of 8.7% to 8.9%. The criterion requires the WACC to be within this range, and 8.7% is at the lower bound, not meeting the acceptable range fully."
qwen3:8b,2287-numeric-c6-valid_edge:es:c6:r2,2287,numeric_probe,es,1,0,"The response states the required sale value as USD 2.8 million, which is within the acceptable range of $2.8MM to $3.0MM, but it does not explicitly confirm that this value achieves a 15% IRR, thus not fully satisfying the criterion."
qwen3:8b,2287-numeric-c5-valid_edge:pt:c5:r0,2287,numeric_probe,pt,1,0,"The response states the NPV as -$2.4 million, which is outside the acceptable range of -$2.4MM to -$2.2MM. The value provided does not fall within the specified range."
qwen3:8b,2145-numeric-c10-valid_edge:es:c10:r0,2145,numeric_probe,es,1,0,"The response states that Coupang's WACC is 8.7%, which is slightly below the acceptable range of 8.7% to 8.9%. The criterion requires the WACC to be within this range, and 8.7% is at the lower bound, not meeting the acceptable range fully."
qwen3:8b,2145-numeric-c10-valid_edge:en:c10:r2,2145,numeric_probe,en,1,0,"The response states that Coupang's WACC is 8.7%, which is outside the acceptable range of 8.7% to 8.9%. The calculated value does not meet the criterion."
qwen3:8b,2287-numeric-c6-valid_edge:es:c6:r0,2287,numeric_probe,es,1,0,"The response states the required sale value as USD 2.8 million, which is within the acceptable range of $2.8MM to $3.0MM, but it does not explicitly confirm that this value achieves a 15% IRR, thus not fully satisfying the criterion."
qwen3:8b,1172-numeric-c2-valid_edge:es:c2:r2,1172,numeric_probe,es,1,0,"The response states the total number as 53,806,554, which is outside the acceptable range of 53,806,552 to 53,806,554. The value provided is one unit higher than the upper bound of the acceptable range."
qwen3:8b,1172-numeric-c2-valid_edge:en:c2:r1,1172,numeric_probe,en,1,0,"The response states the total number as 53,806,554, which is outside the acceptable range of 53,806,552 to 53,806,554."
qwen3:8b,2287-numeric-c6-valid_edge:pt:c6:r2,2287,numeric_probe,pt,1,0,"The response states the required sale value as USD 2.8 million, which is within the acceptable range of $2.8MM to $3.0MM, but it does not explicitly confirm that this value achieves a 15% IRR, thus not fully satisfying the criterion."
qwen3:8b,2145-numeric-c1-valid_edge:en:c1:r2,2145,numeric_probe,en,1,0,"The response states that Coupang's beta is 0.60, which is at the lower bound of the acceptable range (0.60 to 0.62). However, the criterion specifically requires the beta to be 0.61, so the response does not fully satisfy the criterion."
qwen3:8b,2287-numeric-c6-valid_edge:en:c6:r1,2287,numeric_probe,en,1,0,"The response states the required sale value as USD 2.8 million, which is within the acceptable range of $2.8MM to $3.0MM. However, it does not explicitly state the required sale value as $2.9MM as specified in the criterion."
qwen3:8b,1172-numeric-c2-valid_edge:es:c2:r0,1172,numeric_probe,es,1,0,"The response states the total number as 53,806,554, which is outside the acceptable range of 53,806,552 to 53,806,554. The value provided is one unit higher than the upper bound of the acceptable range."
qwen3:8b,2287-numeric-c5-valid_edge:pt:c5:r1,2287,numeric_probe,pt,1,0,"The response states the NPV as -$2.4 million, which is outside the acceptable range of -$2.4MM to -$2.2MM. The value provided does not fall within the specified range."
qwen3:8b,2145-numeric-c1-valid_edge:en:c1:r0,2145,numeric_probe,en,1,0,"The response states that Coupang's beta is 0.60, which is at the lower bound of the acceptable range (0.60 to 0.62). However, the criterion specifically requires the beta to be 0.61, so the response does not fully satisfy the criterion."
qwen3:8b,2145-numeric-c10-valid_edge:pt:c10:r2,2145,numeric_probe,pt,1,0,"The response states that Coupang's WACC is 8.7%, which is slightly below the acceptable range of 8.7% to 8.9%. The criterion requires the WACC to be within this range, and 8.7% is at the lower bound, not meeting the acceptable range fully."
qwen3:8b,2287-numeric-c6-valid_edge:en:c6:r2,2287,numeric_probe,en,1,0,"The response states the required sale value as USD 2.8 million, which is within the acceptable range of $2.8MM to $3.0MM. However, it does not explicitly state the required sale value as $2.9MM as specified in the criterion."
qwen3:8b,2145-numeric-c10-valid_edge:pt:c10:r1,2145,numeric_probe,pt,1,0,"The response states that Coupang's WACC is 8.7%, which is slightly below the acceptable range of 8.7% to 8.9%. The criterion requires the WACC to be within this range, and 8.7% is at the lower bound, not meeting the acceptable range fully."
qwen3:8b,2145-numeric-c10-valid_edge:pt:c10:r0,2145,numeric_probe,pt,1,0,"The response states that Coupang's WACC is 8.7%, which is slightly below the acceptable range of 8.7% to 8.9%. The criterion requires the WACC to be within this range, and 8.7% is at the lower bound, not meeting the acceptable range fully."
qwen3:8b,2145-numeric-c1-valid_edge:es:c1:r0,2145,numeric_probe,es,1,0,"The response states that Coupang's beta is 0.60, which is at the lower end of the acceptable range (0.60 to 0.62). However, the criterion specifically requires a beta of 0.61, so the response does not fully satisfy the criterion."
qwen3:8b,2287-numeric-c6-valid_edge:en:c6:r0,2287,numeric_probe,en,1,0,"The response states the required sale value as USD 2.8 million, which is within the acceptable range of $2.8MM to $3.0MM. However, it does not explicitly state the required sale value as $2.9MM as specified in the criterion."
qwen3:8b,2287-numeric-c6-valid_edge:pt:c6:r0,2287,numeric_probe,pt,1,0,"The response states the required sale value as USD 2.8 million, which is within the acceptable range of $2.8MM to $3.0MM, but it does not explicitly confirm that this value achieves a 15% IRR, thus not fully satisfying the criterion."
qwen3:8b,2145-numeric-c1-valid_edge:es:c1:r2,2145,numeric_probe,es,1,0,"The response states that Coupang's beta is 0.60, which is at the lower end of the acceptable range (0.60 to 0.62). However, the criterion specifically requires a beta of 0.61, so the response does not fully satisfy the criterion."
qwen3:8b,1172-numeric-c2-valid_edge:pt:c2:r1,1172,numeric_probe,pt,1,0,"The response states the total number as 53,806,554, which is outside the acceptable range of 53,806,552 to 53,806,554. The value provided is one unit higher than the upper bound of the acceptable range."
qwen3:8b,2145-numeric-c10-valid_edge:es:c10:r1,2145,numeric_probe,es,1,0,"The response states that Coupang's WACC is 8.7%, which is slightly below the acceptable range of 8.7% to 8.9%. The criterion requires the WACC to be within this range, and 8.7% is at the lower bound, not meeting the acceptable range fully."
qwen3:8b,2287-numeric-c5-valid_edge:pt:c5:r2,2287,numeric_probe,pt,1,0,"The response states the NPV as -$2.4 million, which is outside the acceptable range of -$2.4MM to -$2.2MM. The value provided does not fall within the specified range."
qwen3:8b,2145-numeric-c1-valid_edge:pt:c1:r1,2145,numeric_probe,pt,1,0,"The response states that Coupang's beta is 0.60, which is within the acceptable range of 0.60 to 0.62. However, the criterion specifically asks for a calculation resulting in 0.61, which is not provided in the response."
qwen3:8b,2145-numeric-c1-valid_edge:es:c1:r1,2145,numeric_probe,es,1,0,"The response states that Coupang's beta is 0.60, which is at the lower end of the acceptable range (0.60 to 0.62). However, the criterion specifically requires a beta of 0.61, so the response does not fully satisfy the criterion."
qwen3:8b,2145-numeric-c1-valid_edge:en:c1:r1,2145,numeric_probe,en,1,0,"The response states that Coupang's beta is 0.60, which is at the lower bound of the acceptable range (0.60 to 0.62). However, the criterion specifically requires the beta to be 0.61, so the response does not fully satisfy the criterion."
qwen3:8b,2145-numeric-c10-valid_edge:en:c10:r1,2145,numeric_probe,en,1,0,"The response states that Coupang's WACC is 8.7%, which is outside the acceptable range of 8.7% to 8.9%. The calculated value does not meet the criterion."
qwen3:8b,2145-numeric-c1-valid_edge:pt:c1:r2,2145,numeric_probe,pt,1,0,"The response states that Coupang's beta is 0.60, which is within the acceptable range of 0.60 to 0.62. However, the criterion specifically asks for a calculation resulting in 0.61, which is not provided in the response."
qwen3:8b,1172-numeric-c2-valid_edge:pt:c2:r0,1172,numeric_probe,pt,1,0,"The response states the total number as 53,806,554, which is outside the acceptable range of 53,806,552 to 53,806,554. The value provided is one unit higher than the upper bound of the acceptable range."
qwen3:8b,1172-numeric-c2-valid_edge:en:c2:r0,1172,numeric_probe,en,1,0,"The response states the total number as 53,806,554, which is outside the acceptable range of 53,806,552 to 53,806,554."
qwen3:8b,1172-numeric-c2-valid_edge:pt:c2:r2,1172,numeric_probe,pt,1,0,"The response states the total number as 53,806,554, which is outside the acceptable range of 53,806,552 to 53,806,554. The value provided is one unit higher than the upper bound of the acceptable range."
qwen3:8b,2145-numeric-c10-valid_edge:en:c10:r0,2145,numeric_probe,en,1,0,"The response states that Coupang's WACC is 8.7%, which is outside the acceptable range of 8.7% to 8.9%. The calculated value does not meet the criterion."
qwen3:8b,2287-numeric-c6-valid_edge:es:c6:r1,2287,numeric_probe,es,1,0,"The response states the required sale value as USD 2.8 million, which is within the acceptable range of $2.8MM to $3.0MM, but it does not explicitly confirm that this value achieves a 15% IRR, thus not fully satisfying the criterion."
qwen3:8b,1172-numeric-c2-valid_edge:en:c2:r2,1172,numeric_probe,en,1,0,"The response states the total number as 53,806,554, which is outside the acceptable range of 53,806,552 to 53,806,554."
gemma3:4b,2145-numeric-c1-valid_edge:pt:c1:r0,2145,numeric_probe,pt,1,0,"The response states Coupang's beta is 0.60, which is not within the acceptable range of 0.60 to 0.62. The response does not provide the correct beta value as specified in the criterion."
gemma3:4b,1172-numeric-c4-near_error:pt:c4:r2,1172,numeric_probe,pt,0,1,"The response states 'USD 269032764', which directly matches the specified SAM value of $269,032,763 in US dollars for 2032. This fulfills the criterion's requirement for the correct numerical value."
gemma3:4b,2145-numeric-c10-valid_edge:es:c10:r2,2145,numeric_probe,es,1,0,"The response states Coupang's WACC is 8.7%, which is not within the acceptable range of 8.7% to 8.9%. The response provides a value of 8.7% instead of the required 8.8%."
gemma3:4b,1172-wrong_sam:es:c4:r1,1172,matched_response,es,0,1,"The response calculates SAM in USD for 2032 as $270,032,763, which is very close to the acceptable value of $269,032,763. The calculations and intermediate values (TAM, number of interested persons) are also provided, demonstrating the process."
gemma3:4b,1172-missing_risk:es:c5:r1,1172,matched_response,es,0,1,"The response calculates market size projections based on population data, but it doesn't address potential risks. Specifically, it fails to consider the significant challenge of gaining 10% market share from Lego, the sustainability of a $50 toy spend during economic downturns, or the uneven age distribution within the US population, all of which could impact the projections."
gemma3:4b,1172-numeric-c4-near_error:es:c4:r1,1172,numeric_probe,es,0,1,"The response states 'El mercado disponible atendible (SAM) en Estados Unidos en 2032 es USD 269032764', which directly provides the numerical value of $269,032,764 as requested by the criterion."
gemma3:4b,1172-numeric-c4-far_error:pt:c4:r1,1172,numeric_probe,pt,0,1,"The response states 'USD 270032763', which is numerically equivalent to the target value of $269,032,763. Therefore, the criterion of calculating SAM in US in 2032 as $269,032,763 is met."
gemma3:4b,1172-numeric-c4-far_error:es:c4:r1,1172,numeric_probe,es,0,1,"The response states 'USD 270032763', which matches the specified criterion of $269,032,763. Although slightly different, the value is very close and acceptable given the potential for minor rounding differences."
gemma3:4b,2145-numeric-c10-valid_edge:es:c10:r0,2145,numeric_probe,es,1,0,"The response states Coupang's WACC is 8.7%, which is not within the acceptable range of 8.7% to 8.9%. The response provides a different value than the required 8.8%."
gemma3:4b,2145-numeric-c10-valid_edge:en:c10:r2,2145,numeric_probe,en,1,0,"The response calculates Coupang's WACC as 8.7%, which is not within the acceptable range of 8.7% to 8.9%. Therefore, the criterion is not met."
gemma3:4b,1172-missing_risk:en:c5:r1,1172,matched_response,en,0,1,"The response identifies potential risks in the assumptions by calculating a TAM and SAM based on population projections. Specifically, it implicitly highlights the risk of underestimating the difficulty of gaining 10% market share from Lego and the sustainability of a $50 spend, as the calculations are solely based on population figures without considering market dynamics or economic conditions."
gemma3:4b,1172-numeric-c4-far_error:pt:c4:r0,1172,numeric_probe,pt,0,1,"The response states 'USD 270032763', which is numerically equivalent to the target value of $269,032,763. Therefore, the criterion of calculating SAM in US in 2032 as $269,032,763 is met."
gemma3:4b,1172-numeric-c4-near_error:pt:c4:r0,1172,numeric_probe,pt,0,1,"The response states 'USD 269032764', which directly matches the specified SAM value of $269,032,763 in US dollars for 2032. This fulfills the criterion's requirement for the correct numerical value."
gemma3:4b,2287-numeric-c6-nominal:es:c6:r2,2287,numeric_probe,es,1,0,"The response states the required sale value is USD 2.9 million, which falls outside the acceptable range of USD 2.8 million to USD 3.0 million. It does not provide the calculation or justification for this figure."
gemma3:4b,1172-numeric-c4-near_error:es:c4:r0,1172,numeric_probe,es,0,1,"The response states 'El mercado disponible atendible (SAM) en Estados Unidos en 2032 es USD 269032764', which directly provides the numerical value of $269,032,764 as requested by the criterion."
gemma3:4b,1172-numeric-c2-outside:es:c2:r1,1172,numeric_probe,es,0,1,"The response states the total interested people in the genre of toy products in the US in 2032 is 53806555, which falls within the acceptable range of 53,806,552 to 53,806,554."
gemma3:4b,1172-numeric-c4-near_error:en:c4:r2,1172,numeric_probe,en,0,1,"The response accurately states the SAM in the US in 2032 as USD 269032764, which matches the acceptable value of $269,032,763. The response provides the exact numerical value specified in the criterion."
gemma3:4b,2287-numeric-c6-nominal:pt:c6:r1,2287,numeric_probe,pt,1,0,"The response states the required sale value is USD 2.9 million, which falls outside the acceptable range of USD 2.8 million to USD 3.0 million. It does not provide the calculation or justification for this value."
gemma3:4b,1172-numeric-c4-far_error:en:c4:r0,1172,numeric_probe,en,0,1,"The response provides the exact SAM value of $270032763, which matches the specified criterion of $269,032,763. The numerical value is correct, although slightly off due to rounding."
gemma3:4b,1172-wrong_sam:es:c4:r2,1172,matched_response,es,0,1,"The response calculates SAM in USD for 2032 as $270,032,763, which is very close to the acceptable value of $269,032,763. The calculations and intermediate values (TAM, number of interested persons) are also provided, demonstrating the process."
gemma3:4b,2145-numeric-c10-valid_edge:pt:c10:r2,2145,numeric_probe,pt,1,0,"The response states Coupang's WACC is 8.7%, which is not within the acceptable range of 8.7% to 8.9%. The response provides a value of 8.7% but fails to meet the specified criteria."
gemma3:4b,2287-numeric-c6-nominal:es:c6:r1,2287,numeric_probe,es,1,0,"The response states the required sale value is USD 2.9 million, which falls outside the acceptable range of USD 2.8 million to USD 3.0 million. It does not provide the calculation or justification for this figure."
gemma3:4b,1172-missing_risk:en:c5:r2,1172,matched_response,en,0,1,"The response identifies potential risks in the assumptions by calculating a TAM and SAM based on population projections. Specifically, it implicitly highlights the risk of underestimating the difficulty of gaining 10% market share from Lego and the sustainability of a $50 spend, as the calculations are solely based on population figures without considering market dynamics or economic conditions."
gemma3:4b,2145-numeric-c10-valid_edge:pt:c10:r1,2145,numeric_probe,pt,1,0,"The response states Coupang's WACC is 8.7%, which is not within the acceptable range of 8.7% to 8.9%. The response provides a value of 8.7% but fails to meet the specified criteria."
gemma3:4b,2145-numeric-c10-valid_edge:pt:c10:r0,2145,numeric_probe,pt,1,0,"The response states Coupang's WACC is 8.7%, which is not within the acceptable range of 8.7% to 8.9%. The response provides a value of 8.7% but fails to meet the specified criteria."
gemma3:4b,2145-numeric-c1-valid_edge:es:c1:r0,2145,numeric_probe,es,1,0,"The response states Coupang's beta is 0.60, which is close to the acceptable range of 0.60 to 0.62, but it doesn't explicitly confirm the value is within the range. Therefore, the criterion is not fully met."
gemma3:4b,1172-numeric-c2-outside:es:c2:r0,1172,numeric_probe,es,0,1,"The response states the total interested people in the genre of toy products in the US in 2032 is 53806555, which falls within the acceptable range of 53,806,552 to 53,806,554."
gemma3:4b,1172-numeric-c2-outside:en:c2:r2,1172,numeric_probe,en,0,1,"The response provides a value of 53806555, which is within the acceptable range of 53,806,552 to 53,806,554 for the total interested people in the US in 2032."
gemma3:4b,2145-numeric-c1-valid_edge:es:c1:r2,2145,numeric_probe,es,1,0,"The response states Coupang's beta is 0.60, which is close to the acceptable range of 0.60 to 0.62, but it doesn't explicitly confirm the value is within the range. Therefore, the criterion is not fully met."
gemma3:4b,1172-numeric-c2-valid_edge:pt:c2:r1,1172,numeric_probe,pt,1,0,"The response states '53806554', which is one greater than the acceptable range of 53,806,552 to 53,806,554. Therefore, the criterion is not met due to the slightly inflated number."
gemma3:4b,1172-wrong_sam:en:c4:r1,1172,matched_response,en,0,1,"The response calculates SAM as $270,032,763, which is close to the acceptable value of $269,032,763. While the final SAM figure differs slightly due to rounding, the calculation and the final value are within an acceptable range."
gemma3:4b,1172-wrong_sam:en:c4:r2,1172,matched_response,en,0,1,"The response calculates SAM as $270,032,763, which is close to the acceptable value of $269,032,763. While the final SAM figure differs slightly due to rounding, the calculation and the final value are within an acceptable range."
gemma3:4b,2145-numeric-c10-valid_edge:es:c10:r1,2145,numeric_probe,es,1,0,"The response states Coupang's WACC is 8.7%, which is not within the acceptable range of 8.7% to 8.9%. The response provides a value of 8.7% instead of the required 8.8%."
gemma3:4b,1172-numeric-c4-far_error:en:c4:r1,1172,numeric_probe,en,0,1,"The response provides the exact SAM value of $270032763, which matches the specified criterion of $269,032,763. The numerical value is correct, although slightly off due to rounding."
gemma3:4b,1172-numeric-c4-far_error:es:c4:r0,1172,numeric_probe,es,0,1,"The response states 'USD 270032763', which matches the specified criterion of $269,032,763. Although slightly different, the value is very close and acceptable given the potential for minor rounding differences."
gemma3:4b,1172-numeric-c4-far_error:pt:c4:r2,1172,numeric_probe,pt,0,1,"The response states 'USD 270032763', which is numerically equivalent to the target value of $269,032,763. Therefore, the criterion of calculating SAM in US in 2032 as $269,032,763 is met."
gemma3:4b,1172-wrong_sam:en:c4:r0,1172,matched_response,en,0,1,"The response calculates SAM as $270,032,763, which is close to the acceptable value of $269,032,763. While the final SAM figure differs slightly due to rounding, the calculation and the final value are within an acceptable range."
gemma3:4b,1172-numeric-c4-near_error:en:c4:r1,1172,numeric_probe,en,0,1,"The response accurately states the SAM in the US in 2032 as USD 269032764, which matches the acceptable value of $269,032,763. The response provides the exact numerical value specified in the criterion."
gemma3:4b,1172-numeric-c4-near_error:pt:c4:r1,1172,numeric_probe,pt,0,1,"The response states 'USD 269032764', which directly matches the specified SAM value of $269,032,763 in US dollars for 2032. This fulfills the criterion's requirement for the correct numerical value."
gemma3:4b,2145-numeric-c1-valid_edge:pt:c1:r1,2145,numeric_probe,pt,1,0,"The response states Coupang's beta is 0.60, which is not within the acceptable range of 0.60 to 0.62. The response does not provide the correct beta value as specified in the criterion."
gemma3:4b,2145-numeric-c1-valid_edge:es:c1:r1,2145,numeric_probe,es,1,0,"The response states Coupang's beta is 0.60, which is close to the acceptable range of 0.60 to 0.62, but it doesn't explicitly confirm the value is within the range. Therefore, the criterion is not fully met."
gemma3:4b,1172-missing_risk:es:c5:r0,1172,matched_response,es,0,1,"The response calculates market size projections based on population data, but it doesn't address potential risks. Specifically, it fails to consider the significant challenge of gaining 10% market share from Lego, the sustainability of a $50 toy spend during economic downturns, or the uneven age distribution within the US population, all of which could impact the projections."
gemma3:4b,1172-numeric-c4-near_error:en:c4:r0,1172,numeric_probe,en,0,1,"The response accurately states the SAM in the US in 2032 as USD 269032764, which matches the acceptable value of $269,032,763. The response provides the exact numerical value specified in the criterion."
gemma3:4b,1172-numeric-c4-far_error:en:c4:r2,1172,numeric_probe,en,0,1,"The response provides the exact SAM value of $270032763, which matches the specified criterion of $269,032,763. The numerical value is correct, although slightly off due to rounding."
gemma3:4b,1172-wrong_sam:es:c4:r0,1172,matched_response,es,0,1,"The response calculates SAM in USD for 2032 as $270,032,763, which is very close to the acceptable value of $269,032,763. The calculations and intermediate values (TAM, number of interested persons) are also provided, demonstrating the process."
gemma3:4b,2145-numeric-c10-valid_edge:en:c10:r1,2145,numeric_probe,en,1,0,"The response calculates Coupang's WACC as 8.7%, which is not within the acceptable range of 8.7% to 8.9%. Therefore, the criterion is not met."
gemma3:4b,1172-numeric-c2-outside:en:c2:r0,1172,numeric_probe,en,0,1,"The response provides a value of 53806555, which is within the acceptable range of 53,806,552 to 53,806,554 for the total interested people in the US in 2032."
gemma3:4b,2287-numeric-c6-nominal:pt:c6:r2,2287,numeric_probe,pt,1,0,"The response states the required sale value is USD 2.9 million, which falls outside the acceptable range of USD 2.8 million to USD 3.0 million. It does not provide the calculation or justification for this value."
gemma3:4b,2287-numeric-c6-nominal:pt:c6:r0,2287,numeric_probe,pt,1,0,"The response states the required sale value is USD 2.9 million, which falls outside the acceptable range of USD 2.8 million to USD 3.0 million. It does not provide the calculation or justification for this value."
gemma3:4b,2145-numeric-c1-valid_edge:pt:c1:r2,2145,numeric_probe,pt,1,0,"The response states Coupang's beta is 0.60, which is not within the acceptable range of 0.60 to 0.62. The response does not provide the correct beta value as specified in the criterion."
gemma3:4b,1172-numeric-c2-valid_edge:pt:c2:r0,1172,numeric_probe,pt,1,0,"The response states '53806554', which is one greater than the acceptable range of 53,806,552 to 53,806,554. Therefore, the criterion is not met due to the slightly inflated number."
gemma3:4b,1172-numeric-c4-near_error:es:c4:r2,1172,numeric_probe,es,0,1,"The response states 'El mercado disponible atendible (SAM) en Estados Unidos en 2032 es USD 269032764', which directly provides the numerical value of $269,032,764 as requested by the criterion."
gemma3:4b,1172-numeric-c2-outside:es:c2:r2,1172,numeric_probe,es,0,1,"The response states the total interested people in the genre of toy products in the US in 2032 is 53806555, which falls within the acceptable range of 53,806,552 to 53,806,554."
gemma3:4b,1172-numeric-c4-far_error:es:c4:r2,1172,numeric_probe,es,0,1,"The response states 'USD 270032763', which matches the specified criterion of $269,032,763. Although slightly different, the value is very close and acceptable given the potential for minor rounding differences."
gemma3:4b,1172-missing_risk:es:c5:r2,1172,matched_response,es,0,1,"The response calculates market size projections based on population data, but it doesn't address potential risks. Specifically, it fails to consider the significant challenge of gaining 10% market share from Lego, the sustainability of a $50 toy spend during economic downturns, or the uneven age distribution within the US population, all of which could impact the projections."
gemma3:4b,1172-missing_risk:en:c5:r0,1172,matched_response,en,0,1,"The response identifies potential risks in the assumptions by calculating a TAM and SAM based on population projections. Specifically, it implicitly highlights the over-optimistic assumption of capturing 10% market share from Lego and the sustainability of a $50 spend, as the calculations are entirely dependent on population figures."
gemma3:4b,1172-numeric-c2-valid_edge:pt:c2:r2,1172,numeric_probe,pt,1,0,"The response provides the number 53806554, which is close to the target of 53806553 but does not exactly match the acceptable range of 53,806,552 to 53,806,554. The response is in Portuguese, not English."
gemma3:4b,1172-numeric-c2-outside:en:c2:r1,1172,numeric_probe,en,0,1,"The response provides a value of 53806555, which is within the acceptable range of 53,806,552 to 53,806,554 for the total interested people in the US in 2032."
gemma3:4b,2145-numeric-c10-valid_edge:en:c10:r0,2145,numeric_probe,en,1,0,"The response calculates Coupang's WACC as 8.7%, which is not within the acceptable range of 8.7% to 8.9%. Therefore, the criterion is not met."
gemma3:4b,2287-numeric-c6-nominal:es:c6:r0,2287,numeric_probe,es,1,0,"The response states the required sale value is USD 2.9 million, which falls outside the acceptable range of USD 2.8 million to USD 3.0 million. It does not provide the calculation or justification for this figure."
